영화ID,영화제목,장르,개봉 연도,상영 시간(분),평점,label1,label2,is_certain,긍정 평론 (핵심 요약),부정 평론 (핵심 요약)
M001,기생충,드라마,2019,132,4.3,반전을 보고 싶어,생각하게 만드는 영화를 보고 싶어,1,장르적 관습에 구애받지 않는 독창성과 디테일한 미장센으로 빈부격차라는 전 세계적 화두를 날카롭게 짚어낸 명작이다.,지나치게 작위적이고 냉소적인 시선으로 계급 갈등을 다루어 관객에게 심리적 불편함과 씁쓸함을 남긴다.
M002,암살,액션/스릴러,2015,139,4,긴장감을 느끼고 싶어,친구랑 보고 싶어,1,일제강점기라는 무거운 역사적 소재를 세련된 연출과 대중적인 장르물 어법으로 풀어내며 흥행과 의미를 모두 잡았다.,캐릭터 소비 방식과 신파적 연출이 다소 전형적이며 역사적 깊이보다는 오락성에 치중해 가볍게 소비된 측면이 있다.
M003,신과 함께-죄와 벌,판타지/드라마,2017,139,3.8,울고 싶어,가족이랑 보고 싶어,1,한국형 판타지 장르의 새로운 지평을 열었으며 압도적인 시각효과(VFX)와 보편적인 가족애를 자극하는 감동이 돋보인다.,원작 웹툰의 탄탄한 구성을 헐겁게 각색했으며 지나치게 감정을 쥐어짜는 최루성 신파가 과해서 피로감을 준다.
M004,베를린,액션/스릴러,2013,120,3.5,긴장감을 느끼고 싶어,몰입하고 싶어,1,한국 첩보 액션 영화의 격을 한 단계 끌어올린 세련된 영상미와 묵직하고 사실적인 액션 연출이 탁월하다.,중반 이후 복잡하게 얽힌 캐릭터들의 서사와 첩보 플롯이 엉키면서 전개가 다소 산만하고 힘이 빠진다.
M005,기억의 밤,스릴러/미스터리,2017,109,3.1,반전을 보고 싶어,긴장감을 느끼고 싶어,1,초반부의 미스터리한 분위기와 몰입감 넘치는 전개는 관객의 긴장감을 끝까지 쥐고 흔들 정도로 훌륭하다.,후반부로 갈수록 반전을 설명하기 위해 서사가 급해지며 엉성한 설정과 억지스러운 인과관계가 아쉬움을 남긴다.
M006,살인의 추억,스릴러/범죄,2003,132,4.1,몰입하고 싶어,생각하게 만드는 영화를 보고 싶어,1,한국형 스릴러의 마스터피스로 불리며 치밀한 연출과 시대상을 담아낸 각본 그리고 배우들의 미친 연기력이 완벽한 조화를 이룬다.,미제 사건의 암담함을 다루는 과정에서 느껴지는 시대적 무력감과 특유의 어두운 분위기가 관객에 따라 답답함을 줄 수 있다.
M007,뷰티 인사이드,로맨스/코미디,2015,127,3.8,설레고 싶어,음악이 좋은 영화를 보고 싶어,1,'매일 얼굴이 바뀐다'는 참신한 설정을 시각적으로 아름답고 따뜻하게 풀어낸 감성 멜로의 수작이다.,내면의 아름다움을 강조하는 기획 의도와 달리 결정적인 순간마다 미남·미녀 배우를 전면에 내세우는 외모지상주의적 한계가 있다.
M008,곡성,공포/미스터리,2016,156,3.8,긴장감을 느끼고 싶어,생각하게 만드는 영화를 보고 싶어,1,압도적인 에너지와 장르적 카타르시스를 선사하며 목격과 의심이라는 본질적인 공포를 극한까지 밀어붙인다.,명백한 플롯의 인과관계를 책임 없이 흐리며 의도적인 트릭과 열린 결말로 관객을 기만하고 조롱하는 듯한 불쾌감을 준다.
M009,부당거래,범죄/스릴러,2010,119,3.9,몰입하고 싶어,생각하게 만드는 영화를 보고 싶어,1,지독하리만큼 현실적인 검경과 언론의 카르텔을 웰메이드 범죄 드라마로 완벽하게 풍자해 씁쓸한 카타르시스를 준다.,반복되는 배신과 비리의 사슬 속에서 일말의 구원이나 긍정적인 메시지가 전무해 보고 나면 심한 환멸감이 든다.
M010,도그데이즈,코미디/드라마,2024,120,2.9,감동받고 싶어,가족이랑 보고 싶어,1,반려견을 매개로 한 다양한 인간 군상의 따뜻한 연대와 자극적이지 않은 힐링 스토리로 온 가족이 편안하게 즐기기 좋다.,전형적인 JK필름 특유의 작위적인 감동 플롯을 답습했으며 여러 에피소드를 병렬식으로 배치해 전개가 다소 산만하다.
M011,야당,범죄/드라마,2024,122,2.9,긴장감을 느끼고 싶어,몰입하고 싶어,1,정치적 편향성 없이 속도감 넘치는 전개와 탄탄한 각본으로 장르적 순수 재미를 극대화한 모범적인 상업 영화다.,전반부 전개가 다소 길게 느껴지며 마무리가 다소 기성 복수극의 전형성을 벗어나지 못해 아쉽다.
M012,소공녀,드라마,2017,106,3.8,생각하게 만드는 영화를 보고 싶어,미장센이 좋은 영화를 보고 싶어,1,N포 세대 현실 속에서도 자신만의 확고한 취향과 낭만을 당당하게 지켜내는 현대판 독립 여성의 탄생을 매력적으로 그렸다.,지나치게 비현실적인 주인공의 태도가 시대의 궁핍함을 직시하기보다 철없는 낭만주의로 비칠 우려가 있다.
M013,불한당,범죄/액션,2016,120,3.8,몰입하고 싶어,미장센이 좋은 영화를 좋은 영화를 보고 싶어,1,스타일리시한 미장센과 감각적인 연출 속에서 두 남자의 끈적하고 밀도 높은 심리전과 관계성을 완벽하게 시각화했다.,장르적 멋에 치중한 나머지 기존 느와르 영화들의 클리셰와 서사 구조를 답습하는 한계를 보인다.
M014,4등,스포츠/드라마,2015,116,3.6,생각하게 만드는 영화를 보고 싶어,성장 이야기가 보고 싶어,1,스포츠계의 고질적인 폭력 문제를 지적하며 1등만 기억하는 잔인한 한국 사회의 민낯을 담담하고도 예리하게 꼬집었다.,극의 중반 이후 갈등 해결 방식과 메시지 전달이 다소 교훈적이고 평이하게 흘러간다.
M015,동주,역사/드라마,2015,110,3.9,울고 싶어,생각하게 만드는 영화를 보고 싶어,1,흑백 화면을 통해 화려하지 않아도 청년 윤동주와 송몽규의 고뇌와 부끄러움을 담백하고 깊이 있게 복원해냈다.,인물의 내면을 깊게 파고드는 대신 문학적 묘사와 나레이션에 지나치게 의존한 감이 있다.
M016,파수꾼,드라마,2010,117,3.9,생각하게 만드는 영화를 보고 싶어,성장 이야기가 보고 싶어,1,불안정한 청춘들의 미성숙한 소통 방식과 오해를 서늘하면서도 밀도 높은 심리 묘사로 집요하게 추적했다.,과거와 현재를 오가는 불친절한 교차 편집이 몰입을 방해하거나 다소 피로감을 줄 수 있다.
M017,설국열차,액션/SF,2013,125,3.8,몰입하고 싶어,생각하게 만드는 영화를 보고 싶어,1,계급 사회의 축소판인 기차라는 독창적인 공간 속에서 묵직한 사회적 메시지와 SF적 오락성을 훌륭하게 결합했다.,후반부 시스템의 진실이 밝혀지는 과정에서 서사적 설득력이 떨어지고 결말의 허무함이 남는다.
M018,스윙키즈,뮤지컬/전쟁,2018,132,3.4,음악이 좋은 영화를 보고 싶어,감동받고 싶어,1,이념 대립의 비극 속에서도 탭댄스라는 매개체를 통해 폭발하는 젊음의 에너지와 화려한 퍼포먼스를 감각적으로 담았다.,코미디와 이념 갈등의 비극적 서사가 유기적으로 섞이지 못하고 톤앤매너가 급격하게 튀어 당혹스럽다.
M019,인생은 아름다워,뮤지컬/코미디,2020,122,3,음악이 좋은 영화를 보고 싶어,가족이랑 보고 싶어,1,친숙한 대중가요 넘버들을 활용해 전 세대가 공감할 수 있는 웃음과 눈물의 주크박스 뮤지컬을 완성했다.,남편과 자녀의 가부장적이고 무례한 태도가 시한부 아내의 가련한 고난을 자극하기 위한 도구로 과하게 소비되었다.
M020,굿뉴스,코미디/스릴러,2025,136,3.6,미장센이 좋은 영화를 보고 싶어,몰입하고 싶어,1,실화 기반의 무거운 소재를 변성현 감독 특유의 힙하고 파격적인 연출과 재치 있는 블랙코미디로 부담 없이 풀어냈다.,풍자와 코미디 요소가 중반 이후 다소 반복되면서 상황이 주는 특유의 장르적 긴장감이 떨어진다.
M021,택시운전사,드라마,2017,137,4.1,감동받고 싶어,가족이랑 보고 싶어,1,역사적 비극을 평범한 소시민의 시선으로 담아내 묵직한 감동과 높은 몰입감을 선사합니다.,후반부의 억지스러운 카체이싱 추격 신은 극의 리얼리티를 해치고 다소 작위적입니다.
M022,공조,액션/코미디,2017,125,3.6,웃고 싶어,가벼운 마음으로 시간을 보내고 싶어,1,유해진과 현빈의 상반된 케미스트리와 속도감 있는 액션이 킬링타임 오락영화로서 제 역할을 다합니다.,전형적인 버디무비의 공식을 그대로 답습하여 서사가 뻔하고 신선함이 부족합니다.
M023,모가디슈,액션/스릴러,2020,121,3.4,긴장감을 느끼고 싶어,몰입하고 싶어,1,실화 바탕의 긴박한 전개와 후반부 자동차 탈출 액션 연출이 한국 상업영화의 기술적 정점을 보여줍니다.,신파를 덜어낸 점은 좋으나 일부 인물들의 전사가 생략되어 감정선이 다소 평평하게 느껴집니다.
M024,남산의 부장들,스릴러/드라마,2019,114,3.5,몰입하고 싶어,긴장감을 느끼고 싶어,1,사건의 배경을 건조하고 팽팽한 서스펜스로 풀어냈으며 배우들의 밀도 높은 연기가 압권입니다.,실제 역사 이면의 복잡한 정치적 맥락을 개인의 사사로운 감정과 심리 대립으로만 단순화했습니다.
M025,승리호,SF/액션,2020,136,2.8,가벼운 마음으로 시간을 보내고 싶어,가족이랑 보고 싶어,1,한국 최초의 본격 우주 SF 영화로서 거대한 스케일과 독창적이고 화려한 CG 비주얼을 성공적으로 구현했습니다.,할리우드 우주 영화의 클리셰를 모아놓은 듯한 각본과 후반부 강요되는 신파가 아쉽습니다.
M026,비와 당신의 이야기,로맨스/드라마,2020,117,3.2,설레고 싶어,가벼운 마음으로 시간을 보내고 싶어,1,아날로그 감성을 자극하는 잔잔한 영상미와 기다림이라는 보편적인 정서를 섬세하게 터치합니다.,느린 호흡과 모호한 전개 탓에 지루하게 느껴질 수 있으며 극적인 재미는 떨어집니다.
M027,극한직업,코미디,2018,111,4.2,웃고 싶어,가벼운 마음으로 시간을 보내고 싶어,1,시종일관 쉴 틈 없이 터지는 대사와 위트 있는 연출로 코미디 영화 본연의 목적에 완벽히 충실합니다.,클라이맥스의 액션 시퀀스가 다소 과장되어 있으며 깊이 있는 메시지나 서사적 완성도는 낮습니다.
M028,완벽한 타인,코미디/드라마,2018,115,3.8,웃고 싶어,친구랑 보고 싶어,1,한정된 공간 안에서 스마트폰이라는 소재를 활용해 인간의 가식과 비밀을 영리하고 촌철살인으로 풍자합니다.,막장 드라마식 자극적인 폭로가 연이어 터지면서 후반부로 갈수록 피로감이 쌓입니다.
M029,다음 소희,드라마,2022,138,3.7,울고 싶어,생각하게 만드는 영화를 보고 싶어,1,현장실습생의 비극을 과장된 신파 없이 냉철하고 객관적인 시선으로 포착해 깊은 사회적 울림을 줍니다.,전반부와 후반부의 서사 구조가 이분법적으로 명확히 갈려 영화적 리듬이 다소 투박하게 다가옵니다.
M030,미씽: 사라진 여자,미스터리/스릴러,2016,100,3.5,긴장감을 느끼고 싶어,몰입하고 싶어,1,두 여성 캐릭터의 절박한 서사를 통해 모성애라는 감정 뒤에 숨겨진 계급과 이주민 사회 문제를 날카롭게 짚어냅니다.,미스터리 스릴러로서의 장르적 긴장감이나 정교한 추리 플롯의 매력은 상대적으로 느슨합니다.
M031,카트,드라마,2014,104,3.4,생각하게 만드는 영화를 보고 싶어,성장 이야기가 보고 싶어,1,비정규직 노동 문제를 자극적이지 않고 담백하면서도 묵직하게 그려낸 웰메이드 사회고발 극이다,다소 전형적인 약자와 강자의 구도로 전개되어 후반부 신파적 감정 과잉이 아쉽다
M032,해치지않아,코미디,2019,117,2.9,웃고 싶어,가벼운 마음으로 시간을 보내고 싶어,1,동물 없는 동물원이라는 기발한 콘셉트를 바탕으로 가볍고 무해한 웃음을 선사한다,무리한 설정에 비해 개그의 타율이 낮고 후반부 갈등 해결이 다소 안이하게 풀린다
M033,시간이탈자,스릴러/로맨스,2015,102,3.2,긴장감을 느끼고 싶어,반전을 보고 싶어,1,두 시대의 살인사건을 유기적으로 엮어 극의 긴장감과 스릴러의 몰입감을 잘 살려냈다,타임슬립 장르의 고질적인 허점과 허술한 개연성이 몰입을 가로막는다
M034,늑대소년,로맨스,2012,125,3.5,설레고 싶어,울고 싶어,1,두 주인공의 순수한 감정선과 동화 같은 영상미가 관객의 감수성을 자극하며 긴 여운을 남긴다,후반부로 갈수록 작위적인 눈물 유도와 한국식 신파 공식에 지나치게 의존한다
M035,전우치,액션/코미디,2009,136,3.5,웃고 싶어,가벼운 마음으로 시간을 보내고 싶어,1,고전 영웅을 현대적이고 재기발랄하게 재해석했으며 강동원의 독보적인 캐릭터 소화력이 돋보인다,CG의 완성도가 다소 튀고 산만한 플롯 탓에 극의 후반부 몰입도가 떨어진다
M036,외계+인 1부,액션/판타지/SF,2022,142,2.9,웃고 싶어,친구랑 보고 싶어,1,독창적인 세계관과 과거와 현대 외계인을 넘나드는 과감하고 스펙터클한 상상력이 매력적이다,지나치게 많은 설정을 과도하게 쏟아내어 이야기의 전개가 산만하고 피로감을 준다
M037,검은 사제들,공포/스릴러,2015,108,3.7,긴장감을 느끼고 싶어,몰입하고 싶어,1,한국형 엑소시즘 장르의 성공적인 포문을 열었으며 밀도 높은 연출과 배우들의 열연이 압권이다,할리우드 오컬트 영화의 익숙한 클리셰를 답습하는 수준에 그쳐 신선함이 부족하다
M038,파묘,공포/스릴러,2024,134,3.5,긴장감을 느끼고 싶어,몰입하고 싶어,1,한국 전통 무속 신앙과 근현대사의 아픔을 영리하게 결합해 독보적인 몰입감과 긴장감을 선사한다,전반부의 팽팽한 오컬트적 텐션이 후반부 크리처물로 전환되면서 호불호가 크게 갈린다
M039,엑시트,재난/코미디,2019,103,4,웃고 싶어,가벼운 마음으로 시간을 보내고 싶어,1,신파와 빌런 없이 오직 재기발랄한 아이디어와 생동감 넘치는 액션으로 꽉 채운 담백한 재난 탈출극이다,재난의 원인과 배경 설명이 지나치게 생략되어 서사의 깊이가 아쉽다
M040,검사외전,범죄/코미디,2015,126,3.7,웃고 싶어,가벼운 마음으로 시간을 보내고 싶어,1,황정민과 강동원의 찰진 버디 케미스트리와 가볍고 유쾌한 오락성이 확실한 재미를 보장한다,케이퍼 무비로서의 짜임새나 치밀한 두뇌 싸움의 묘미는 다소 떨어지고 허술하다
M041,휴민트,액션/스릴러,2025,149,2.7,긴장감을 느끼고 싶어,몰입하고 싶어,0,블라디보스토크의 서늘한 미장센 속에서 류승완 감독 특유의 집요한 액션과 인간적인 묵직한 드라마가 조화를 이룬다,서사 위로 흐르는 차갑고 무거운 첩보물의 고전적 분위기가 대중적 오락성을 기대한 관객에겐 지루할 수 있다
M042,구타유발자들,범죄/스릴러/코미디,2006,115,3,생각하게 만드는 영화를 보고 싶어,반전을 보고 싶어,0,인간의 위선과 폭력의 악순환을 기괴하면서도 날카롭고 집요하게 파헤친 문제작이다,불쾌감을 자아내는 가학적인 묘사와 난해한 연출 때문에 대중적으로 감상하기 어렵다
M043,헤어질 결심,로맨스/드라마/미스터리/범죄/스릴러,2022,138,4.1,미장센이 좋은 영화를 보고 싶어,몰입하고 싶어,1,박찬욱 감독만의 매혹적인 미장센과 붕괴된 인간의 사랑을 우아하고 감각적으로 담아낸 걸작이다,은유와 절제가 지나쳐 인물들의 감정선을 직관적으로 따라가기 어렵고 불친절하다
M044,블랙머니,범죄/드라마,2019,113,2.9,몰입하고 싶어,생각하게 만드는 영화를 보고 싶어,1,론스타 사건이라는 복잡한 금융 범죄를 관객의 눈높이에 맞춰 명쾌하고 통쾌하게 풀어냈다,실화 기반 서사에 충실한 나머지 고발 다큐멘터리 같은 전형적인 구조를 벗어나지 못한다
M045,올뺴미,시대극/스릴러/미스터리,2022,118,3.5,긴장감을 느끼고 싶어,반전을 보고 싶어,1,맹인 침술사라는 신선한 설정과 인조실록의 틈새를 날카롭게 파고든 웰메이드 궁중 스릴러다,후반부 픽션의 강도가 높아지면서 팩션 장르 특유의 역사적 개연성이 흔들린다
M046,범죄의 여왕,범죄/스릴러/코미디,2016,103,3.4,몰입하고 싶어,웃고 싶어,1,촉 좋은 아줌마를 전면에 내세워 신선한 유머와 스릴러를 솜씨 좋게 버무린 독창적인 독립영화다,후반부 본격 스릴러로 해결되는 과정의 스케일과 추리적 정교함이 다소 빈약하다
M047,귀공자,범죄/액션,2022,118,2.8,긴장감을 느끼고 싶어,가벼운 마음으로 시간을 보내고 싶어,1,박훈정 감독 특유의 피비린내 나는 하드보일드 액션과 속도감 광기 어린 캐릭터가 돋보인다,지나치게 잔혹한 폭력 묘사에 비해 서사적 설득력과 스토리의 개연성이 부족하다
M048,콘크리트마켓,재난/드라마,2025,122,2.4,몰입하고 싶어,생각하게 만드는 영화를 보고 싶어,0,디스토피아 속 자본주의 시장이라는 도발적인 컨셉과 젊은 배우들의 활력 있는 에너지가 흥미롭다,매력적인 초기 설정과 타이트한 긴장감에 비해 후반부 세계관의 설계와 논리가 무너진다
M049,마녀(魔女) Part2. The Other One,액션/판타지,2021,137,2.6,긴장감을 느끼고 싶어,가벼운 마음으로 시간을 보내고 싶어,1,전편의 세계관을 대폭 확장하며 화려하고 압도적인 초능력 액션 스펙터클을 가감 없이 보여준다,다음 시리즈를 위한 브릿지 역할에 집중하느라 전개 속도가 느리고 설명조의 대사가 많다
M050,극락도 살인사건,스릴러/미스터리,2007,112,2.9,긴장감을 느끼고 싶어,반전을 보고 싶어,1,고립된 섬이라는 공간을 활용해 인간의 탐욕과 미스터리 추리극의 서스펜스를 훌륭하게 구축했다,후반부 사건의 진상이 밝혀지는 과정의 해답이 다소 황당하고 작위적이다
M051,마더,드라마/범죄,2009,128,3.7,생각하게 만드는 영화를 보고 싶어,몰입하고 싶어,1,봉준호 감독의 뒤틀린 모성애에 대한 고찰과 김혜자의 신들린 듯한 연기가 전율을 선사한다,인간의 추악하고 어두운 내면을 지나치게 집요하게 파고들어 감상 후 피로감과 불쾌감이 남는다
M052,버닝,미스터리,2018,148,3.5,생각하게 만드는 영화를 보고 싶어,미장센이 좋은 영화를 보고 싶어,0,무라카미 하루키의 원작을 한국의 청춘 현실로 치환해 모호하고 감각적인 서스펜스를 완성했다,지나치게 함축적이고 불명확한 메시지 탓에 대중적인 재미와 오락성은 떨어지며 난해하다
M053,시,드라마,2010,140,3.9,생각하게 만드는 영화를 보고 싶어,울고 싶어,1,이창동 감독의 깊이 있는 시선으로 삶의 비극과 아름다움을 시라는 예술로 승화한 마스터피스다,호흡이 매우 느리고 정적인 데다 다루는 현실의 비극이 너무 무거워 마음이 아프다
M054,다시 태어나도 우리,다큐멘터리,2016,95,4.0,감동받고 싶어,가족이랑 보고 싶어,1,전생을 기억하는 린포체 소년과 스승의 헌신적인 사랑을 담은 무해하고 눈물겨운 휴먼 다큐멘터리다,극적인 서사 구조를 기대한 관객에게는 잔잔하고 정적인 다큐의 특성이 지루할 수 있다
M055,윗집 사람들,드라마/코미디,2025,107,2.8,긴장감을 느끼고 싶어,,0,하정우 감독 특유의 발칙한 코미디적 풍자와 주연 배우들의 농밀하고 찰진 티키타카가 독특한 재미를 준다,청소년 관람불가 소재의 매운맛에 비해 후반부 장르적인 카타르시스나 수위의 해방감이 다소 애매하다
M056,서울의 봄,드라마/시대극/스릴러,2023,141,3.8,긴장감을 느끼고 싶어,몰입하고 싶어,1,철저한 고증과 폭발적인 연출력으로 한국 현대사의 가장 긴박했던 9시간을 완벽하게 재구성했다,결말을 이미 알고 보는 역사적 실화이기에 감상하는 내내 엄청난 스트레스와 답답함을 유발한다
M057,부산행,액션/스릴러,2016,118,3.7,긴장감을 느끼고 싶어,가족이랑 보고 싶어,1,한국형 좀비 크리처물의 신기원을 열었으며 시종일관 멈추지 않는 압도적인 속도감과 액션이 일품이다,재난 상황 속 인간 군상의 이기주의와 눈물을 강요하는 한국식 신파 배치가 식상하다
M058,변호인,드라마/시대극,2013,127,4.1,감동받고 싶어,울고 싶어,1,시대의 아픔에 맞선 한 인간의 변화 과정을 송강호의 압도적인 연기력과 법정 대사로 뜨겁게 그려냈다,실존 인물의 미화 논란과 함께 전반부 가벼운 톤과 후반부 무거운 톤의 격차가 다소 급작스럽다
M059,베테랑,액션/드라마/범죄,2014,124,4.0,웃고 싶어,가벼운 마음으로 시간을 보내고 싶어,1,류승완 감독 특유의 통쾌한 액션과 유아인의 역대급 빌런 연기가 만나 카타르시스를 선사하는 오락영화다,권선징악의 전형적인 구도를 따르고 있어 이야기의 흐름과 결말이 쉽게 예측 가능하다
M060,명량,시대극/액션/드라마/전쟁,2014,128,3.7,감동받고 싶어,몰입하고 싶어,1,이순신 장군이라는 역대급 영웅 서사와 후반 1시간에 달하는 해상 전투 신의 몰입감이 압도적이다.,전반부의 전개가 다소 지루하고 신파조의 연출과 평면적인 캐릭터 구성이 아쉽다.
M061,괴물,스릴러/드라마/SF,2006,119,3.9,긴장감을 느끼고 싶어,생각하게 만드는 영화를 보고 싶어,1,사회 비판적인 메시지를 괴수 장르와 블랙 코미디 속에 훌륭하게 녹여낸 한국형 괴수 영화의 마스터피스다.,후반부로 갈수록 장르적 긴장감이 떨어지고 다소 작위적인 설정이 눈에 띈다.
M062,도둑들,범죄/액션/드라마,2012,135,3.9,가벼운 마음으로 시간을 보내고 싶어,친구랑 보고 싶어,0,개성 넘치는 캐릭터들의 매력과 리드미컬하고 속도감 있는 케이퍼 무비 특유의 오락성이 돋보인다.,다수의 캐릭터를 다루다 보니 후반부 서사가 다소 산만해지고 감정선이 얕다.
M063,수상한 그녀,코미디/드라마,2013,124,3.8,웃고 싶어,가족이랑 보고 싶어,1,배우 심은경의 뛰어난 하드캐리 연기와 남녀노소 누구나 공감할 수 있는 따뜻한 가족애가 매력적이다.,한국 상업영화 특유의 전형적인 신파 공식과 클리셰에서 벗어나지 못했다.
M064,마녀,액션/판타지,2018,126,3.3,반전을 보고 싶어,몰입하고 싶어,1,여성 원톱 액션 장르로서 신선하고 감각적인 비주얼과 후반부 반전의 쾌감이 훌륭하다.,초반 서사 전개가 지나치게 늘어지고 속편을 염두에 둔 설명조의 대사가 많다.
M065,만약에 우리,로맨스,2025,114,3.4,설레고 싶어,울고 싶어,1,중국 원작의 아련하고 먹먹한 감성을 한국 정서로 재해석하여 현실 연애의 공감을 자아낸다.,장르 특성상 멜로 영화 특유의 진부함이 느껴지고 전반적인 전개 속도가 다소 느리다.
M066,왕과 사는 남자,시대극/드라마,2025,116,3.2,생각하게 만드는 영화를 보고 싶어,미장센이 좋은 영화를 보고 싶어,1,장항준 감독의 색다른 시선으로 비극적 역사를 재해석하여 묵직한 울림과 뛰어난 영상미를 선보인다.,역사적 배경 지식이 없으면 다소 불친절하게 느껴질 수 있고 일부 연출 방식이 올드하다.
M067,베테랑2,범죄/드라마,2024,118,2.6,긴장감을 느끼고 싶어,친구랑 보고 싶어,0,황정민과 정해인의 강렬한 액션 시너지와 어두워진 톤앤매너로 사회적 묵직한 화두를 던진다.,1편 특유의 통쾌하고 유쾌한 오락성을 기대한 관객에게는 다소 무겁고 호불호가 갈린다.
M068,청년경찰,액션/코미디,2017,109,3.8,웃고 싶어,몰입하고 싶어,1,박서준과 강하늘의 유쾌한 버디 케미스트리와 가볍게 즐기기 좋은 청춘 수사극의 재미를 살렸다.,조선족에 대한 혐오적 묘사와 자극적이고 폭력적인 범죄 소재의 소모가 아쉽다.
M069,곤지암,공포/스릴러,2017,94,3,긴장감을 느끼고 싶어,친구랑 보고 싶어,1,체험형 페이크 다큐 형식의 연출로 극강의 청각적 공포와 밀폐된 공간이 주는 긴장감을 극대화했다.,스토리의 개연성이나 서사적 깊이가 부족하여 후반부로 갈수록 허무함이 남는다.
M070,국제시장,시대극/드라마,2014,126,3.8,감동받고 싶어,가족이랑 보고 싶어,1,한국 현대사를 관통하는 아버지 세대의 희생을 생생하게 그려내 가슴 뭉클한 감동을 선사한다.,지나치게 감정을 쥐어짜는 신파적 연출과 역사적 격동기를 미화했다는 시선이 존재한다.
M071,아저씨,액션/스릴러,2010,119,3.9,긴장감을 느끼고 싶어,몰입하고 싶어,0,원빈의 독보적인 비주얼과 한국 액션 영화의 패러다임을 바꾼 스타일리시하고 잔혹한 액션이 압도적이다.,스토리 라인이 할리우드 범죄물과 유사하여 진부하고 조연 캐릭터들의 쓰임새가 평면적이다.
M072,신과 함께-인과 연,판타지/드라마,2018,141,3.7,몰입하고 싶어,반전을 보고 싶어,1,방대한 세계관을 바탕으로 전편보다 깊어진 신과 인간의 서사 및 화려한 CG 비주얼을 자랑한다.,스토리 꼬임이 심해 전개가 다소 산만하며 여전히 신파적인 감정 강요가 느껴진다.
M073,"광해, 왕이 된 남자",역사,2012,131,4,감동받고 싶어,생각하게 만드는 영화를 보고 싶어,0,이병헌의 1인 2역 명연기와 탄탄한 시나리오를 바탕으로 웃음과 감동의 균형을 완벽히 잡았다.,역사적 사실 왜곡에 대한 우려와 기존 헐리우드 영화(데이브)의 플롯과 너무 흡사하다는 지적이 있다.
M074,관상,역사/드라마,2013,142,3.7,몰입하고 싶어,반전을 보고 싶어,0,송강호를 비롯한 배우들의 완벽한 앙상블과 수양대군의 압도적인 등장 신 등 캐릭터의 매력이 엄청나다.,후반부로 갈수록 서사의 힘이 빠지고 역사적 정해진 결말에 갇혀 전개가 답답해진다.
M075,국가대표,스포츠/드라마,2009,126,3.1,감동받고 싶어,성장 이야기가 보고 싶어,0,비인기 종목 선수들의 성장 드라마를 유쾌하고 감동적으로 풀어냈으며 스키점프 신의 역동성이 훌륭하다.,스포츠 영화의 전형적인 흥행 공식을 그대로 답습하여 결말이 쉽게 예측된다.
M076,리바운드,스포츠/드라마,2022,122,3.2,성장 이야기가 보고 싶어,친구랑 보고 싶어,0,실화가 주는 날 것 그대로의 감동과 청춘들의 무해하고 뜨거운 에너지를 스크린에 잘 담아냈다.,스포츠 영화 특유의 전형성을 벗어나지 못해 초반 빌드업 과정이 다소 정형적이다.
M077,도어락,공포/스릴러,2018,102,2.9,긴장감을 느끼고 싶어,몰입하고 싶어,0,현실 밀착형 공포를 자극하여 1인가구가 느낄 수 있는 스릴러적 긴장감을 훌륭하게 연출했다.,후반부로 갈수록 범인의 정체와 행적이 전형적인 슬래셔 무비의 무리한 전개로 이어진다.
M078,목격자,공포/스릴러,2017,111,2.7,긴장감을 느끼고 싶어,,1,살인 사건을 목격하고도 침묵해야 하는 현대 사회의 이기주의를 긴장감 넘치는 스릴러로 잘 풀어냈다.,주인공의 답답한 대처와 개연성 떨어지는 후반부 전개로 인해 스릴러로서의 수사 밀도가 낮다.
M079,타겟,공포/스릴러,2023,101,2.4,긴장감을 느끼고 싶어,몰입하고 싶어,0,중고거래라는 일상적인 소재를 활용하여 누구에게나 일어날 수 있는 현실적인 공포와 몰입감을 준다.,중반 이후 범인을 추적하는 과정이 기존 스릴러 영화들의 익숙한 공식으로 귀결되어 평이하다.
M080,좀비딸,코미디/드라마,2025,113,2.8,웃고 싶어,가족이랑 보고 싶어,1,웹툰 원작의 유쾌한 B급 유머 코드와 좀비가 된 딸을 지키려는 가족애를 감동적으로 버무렸다.,원작 특유의 개그 호흡을 실사화하는 과정에서 연출의 호불호가 다소 갈릴 수 있다.
M081,파일럿,코미디,2024,110,2.7,웃고 싶어,가벼운 마음으로 시간을 보내고 싶어,0,조정석의 신들린 코믹 연기와 여장 남자라는 파격적인 설정을 활용한 슬랩스틱 유머가 큰 웃음을 준다.,성 고정관념을 다루는 방식이 피상적이고 후반부 갈등 해결이 다소 급작스럽고 전형적이다.
M082,건축학개론,로맨스/드라마,2012,118,3.5,설레고 싶어,음악이 좋은 영화를 보고 싶어,0,첫사랑의 아련한 추억과 90년대 감성을 세련되게 자극하여 웰메이드 정통 멜로의 정석을 보여준다.,남성 중심적인 시선의 첫사랑 기억 왜곡과 과거와 현재를 오가는 흐름이 다소 늘어질 수 있다.
M083,청설,로맨스/드라마,2024,108,3.2,설레고 싶어,성장 이야기가 보고 싶어,1,풋풋한 청춘들의 순수한 사랑과 소통의 가치를 따뜻하고 싱그러운 비주얼로 담아냈다.,원작 대만 영화의 매력을 크게 벗어나지 않는 안전하고 무난한 리메이크에 그쳤다.
M084,애프터 미투,다큐멘터리,2021,85,3.3,생각하게 만드는 영화를 보고 싶어,,0,미투 운동 이후의 삶과 목소리를 다각도로 조명하며 깊은 사회적 성찰과 생각할 거리를 던진다.,다큐멘터리 장르 특성상 대중적인 재미나 극적인 서사 구조를 기대하기는 어렵다.
M085,"님아, 그 강을 건너지 마오",다큐멘터리/로맨스,2014,86,3.9,울고 싶어,가족이랑 보고 싶어,0,76년이라는 긴 세월 동안 변치 않은 노부부의 순수한 사랑과 이별의 과정이 진한 눈물을 자아낸다.,다큐멘터리임에도 일부 연출된 듯한 장면들이 몰입을 간혹 방해한다는 의견이 있다.
M086,스플릿,스포츠/드라마,2015,121,3.3,성장 이야기가 보고 싶어,몰입하고 싶어,0,볼링이라는 신선한 소재와 소외된 이들의 연대 및 성장을 따뜻하고 몰입감 있게 그렸다.,도박 범죄물과 스포츠 성장물의 결합이 다소 식상하고 악역의 묘사가 지나치게 평면적이다.
M087,신세계,범죄/스릴러/액션,2013,134,4.2,몰입하고 싶어,긴장감을 느끼고 싶어,0,한국형 느와르의 정점이라 불릴 만큼 팽팽한 캐릭터 간의 텐션과 밀도 높은 긴장감을 선사한다.,홍콩 영화(무간도)의 플롯과 유사성이 짙고 마초적인 폭력성 묘사가 다소 과하다.
M088,왕의 남자,시대극/드라마,2005,119,3.8,반전을 보고 싶어,미장센이 좋은 영화를 보고 싶어,0,연산군 시대의 비극을 광대들의 삶과 미장센을 통해 예술적이고 깊이 있게 그려낸 명작이다.,픽션과 사학의 경계에서 오는 고증 오류와 연극적 연출 톤이 취향을 탈 수 있다.
M089,친구,범죄/액션,2001,117,3.8,울고 싶어,친구랑 보고 싶어,0,그 시절 부산을 배경으로 한 거친 남성들의 진한 우정과 몰락을 사실적이고 강렬하게 묘사했다.,조폭 문화를 미화했다는 비판과 함께 폭력성과 대사의 자극성이 매우 강하다.
M090,봄날은 간다,로맨스/드라마,2001,106,3.8,설레고 싶어,음악이 좋은 영화를 보고 싶어,0,사랑이 변해가는 과정을 담담하면서도 지극히 현실적으로 그려내 오랜 여운과 아름다운 사운드를 남긴다.,극적인 갈등이나 뚜렷한 사건 중심의 전개를 좋아하는 관객에게는 다소 밋밋하고 지루할 수 있다.
M091,히말라야,모험/스포츠,2015,125,3.5,감동받고 싶어,울고 싶어,1,황정민의 묵직한 연기와 실화가 주는 인간애의 숭고함이 뜨거운 눈물과 감동을 자아냅니다.,전형적인 한국형 신파극의 공식에서 벗어나지 못해 후반부 전개가 다소 작위적이고 피로합니다.
M092,1987,시대극/스릴러/드라마,2017,129,4,몰입하고 싶어,생각하게 만드는 영화를 보고 싶어,1,특정 영웅 한 명에 의존하지 않고 역사 속 평범한 대중이 완성한 민주화의 파도를 묵직하고 완성도 높게 그려냈습니다.,격동의 현대사를 다루다 보니 후반부의 감정적 과잉과 다소 직접적인 메시지 전달이 아쉽습니다.
M093,은밀하게 위대하게,액션/코미디,2013,124,3.4,웃고 싶어,친구랑 보고 싶어,1,김수현의 뛰어난 스타성과 원작 웹툰의 매력을 스크린에 잘 이식하여 대중적인 재미를 확보했습니다.,전반부의 유쾌한 코미디와 후반부의 비장한 액션 누아르가 유기적으로 연결되지 못하고 겉돕니다.
M094,"좋은 놈, 나쁜 놈, 이상한 놈",서부극/코미디/액션,2008,139,3.5,가벼운 마음으로 시간을 보내고 싶어,미장센이 좋은 영화를 보고 싶어,1,"한국형 웨스턴 장르의 신기원을 열었으며, 화려한 미장센과 쾌감 넘치는 광활한 액션 시퀀스가 압권입니다.",서사와 인물 간의 서사적 개연성보다는 오직 비주얼과 액션의 볼거리에만 치중한 느낌을 줍니다.
M095,사도,시대극/역사/드라마,2015,125,3.7,생각하게 만드는 영화를 보고 싶어,몰입하고 싶어,1,송강호와 유아인의 팽팽한 연기 대결을 통해 영조와 사도세자의 비극을 단순한 역사가 아닌 보편적인 부자간의 갈등으로 깊이 있게 재해석했습니다.,정통 사극 고유의 무겁고 정적인 호흡이 길게 이어져 관객에 따라 다소 지루하게 느껴질 수 있습니다.
M096,어른 김장하,다큐멘터리,2023,105,4.1,감동받고 싶어,생각하게 만드는 영화를 보고 싶어,1,참된 어른의 부재를 겪는 현대 사회에 '진짜 어른'이란 무엇인가를 보여주는 담백하고도 거대한 울림의 다큐멘터리입니다.,인물의 미담 위주로 구성되어 있어 다큐멘터리 장르로서의 날카로운 갈등이나 극적인 구성미는 약한 편입니다.
M097,"장화, 홍련",공포/스릴러,2003,118,3.4,미장센이 좋은 영화를 보고 싶어,긴장감을 느끼고 싶어,1,"한국 공포 영화의 마스터피스로, 감각적이고 아름다운 미장센과 심리적 공포를 극대화한 연출이 완벽한 조화를 이룹니다.",반전과 난해한 은유에 지나치게 몰두하여 대중적인 서사의 직관적인 이해를 방해하는 면이 있습니다.
M098,너의 결혼식,로맨스,2017,110,3.7,설레고 싶어,가벼운 마음으로 시간을 보내고 싶어,1,첫사랑의 풋풋함과 씁쓸한 현실을 달콤쌉싸름하게 그려내어 누구나 공감할 수 있는 현실 로맨스를 완성했습니다.,남성 주인공의 시선과 판타지에 과도하게 갇혀 있어 상대 여성 캐릭터의 서사가 평면적입니다.
M099,증인,드라마,2018,129,3.8,감동받고 싶어,가족이랑 보고 싶어,1,정우성과 김향기의 따뜻한 교감을 통해 자폐 스펙트럼에 대한 편견을 깨고 사회적 온기를 전하는 무해한 힐링 드라마입니다.,극적 반전이나 법정 장르물로서의 치밀한 서스펜스가 다소 부족하며 결말이 지나치게 온정주의적입니다.
M100,인어 공주,로맨스/판타지,2004,110,3.5,미장센이 좋은 영화를 보고 싶어,설레고 싶어,1,판타지적 설정을 통해 엄마의 순수했던 청춘을 마주하는 서사가 전도연의 1인 2역 열연과 만나 깊은 감동을 줍니다.,과거와 현재를 오가는 구성 속에서 일부 감정선이 거칠게 튀거나 지나치게 감상적으로 느껴지기도 합니다.
M101,승부,스포츠/드라마,2025,114,3.3,몰입하고 싶어,성장 이야기가 보고 싶어,0,조훈현과 이창호라는 바둑계 두 전설의 사제 관계와 심리적 대국을 이병헌과 유아인의 압도적인 연기력으로 스크린에 긴장감 있게 수놓았습니다.,바둑이라는 정적인 소재를 다루다 보니 규칙을 모르는 관객에게는 다소 불친절하고 정적으로 느껴질 수 있습니다.
M102,윤희에게,로맨스,2019,105,3.9,미장센이 좋은 영화를 보고 싶어,생각하게 만드는 영화를 보고 싶어,1,하얀 눈밭을 배경으로 묻어둔 첫사랑의 기억을 찾아가는 여정을 사려 깊고 잔잔한 미학으로 아름답게 담아냈습니다.,극적인 사건이나 속도감 있는 전개를 선호하는 관객에게는 서사의 호흡이 너무 느리고 잔잔하게 다가옵니다.
M103,해운대,재난/액션/모험,2009,129,3.3,가족이랑 보고 싶어,울고 싶어,1,"한국형 재난 블록버스터의 포문을 연 작품으로, 한국적인 정서가 담긴 캐릭터들과 시원한 CG 볼거리를 결합했습니다.",재난이 닥치기 전까지 전반부의 억지스러운 코미디와 신파적 설정들이 극의 몰입을 다소 방해합니다.
M104,해적: 바다로 간 산적,액션/모험/스포츠,2014,130,3.3,웃고 싶어,가벼운 마음으로 시간을 보내고 싶어,1,조선 건국기라는 역사적 배경에 고래가 국새를 삼켰다는 유쾌한 상상력을 더해 남녀노소 즐길 수 있는 오락성을 갖췄습니다.,유머 코드와 캐릭터 플레이에 과도하게 의존하여 서사의 완성도나 개연성은 빈약한 편입니다.
M105,고지전,전쟁/드라마,2011,133,3.6,생각하게 만드는 영화를 보고 싶어,몰입하고 싶어,1,휴전 협정 중에도 죽어가야 했던 고지전의 참상을 통해 전쟁의 허무함과 본질을 날카롭고 참혹하게 파헤쳤습니다.,전쟁 영화의 전형적인 휴머니즘 공식과 후반부의 감정적 과잉이 메시지의 날카로움을 다소 무디게 만듭니다.
M106,어쩌면 해피엔딩,뮤지컬/로맨스/SF/드라마,2023,95,2.9,음악이 좋은 영화를 보고 싶어,설레고 싶어,0,헬퍼봇이라는 독창적인 SF 소재를 따뜻한 아날로그 감성과 아름다운 음악으로 풀어내며 인간의 감정을 섬세하게 탐구합니다.,무대 예술의 스크린화 과정에서 연극적 연출이 일부 남아 있어 영화적 스케일이나 영상미 측면에서 아쉬움이 남습니다.
M107,1승,스포츠/드라마,2021,107,2.6,성장 이야기가 보고 싶어,가벼운 마음으로 시간을 보내고 싶어,0,지도자 인생에서 한 번도 이겨본 적 없는 감독과 해체 직전의 여자배구단이 선사하는 무난하고 유쾌한 스포츠 상업 영화입니다.,"스포츠 영화의 뻔한 클리셰를 그대로 답습하며, 정해진 결말을 향한 급작스러운 인물들의 성장 서사가 아쉽습니다."
M108,잉여들의 히치하이킹,다큐멘터리,2013,105,3.6,성장 이야기가 보고 싶어,친구랑 보고 싶어,1,청춘들의 무모하지만 반짝이는 도전 정신을 날것 그대로 담아내어 동세대의 청년들에게 현실적인 위로와 공감을 줍니다.,아마추어적인 연출과 정돈되지 않은 카메라 워킹으로 인해 다큐멘터리로서의 시각적 완성도는 떨어집니다.
M109,삼진그룹영어토익반,드라마,2020,110,3.4,가벼운 마음으로 시간을 보내고 싶어,친구랑 보고 싶어,1,90년대 말 고졸 말단 사원들이 연대하여 대기업의 비리를 파헤치는 과정을 경쾌하고 통쾌하게 그려낸 레트로 페미니즘 오락 영화입니다.,후반부로 갈수록 사건 해결 과정이 지나치게 단순화되고 권선징악의 결말이 만화적으로 흐르는 경향이 있습니다.
M110,명당,시대극/역사,2018,126,3.1,몰입하고 싶어,,0,땅의 기운으로 운명을 바꾼다는 흥미로운 소재를 바탕으로 배우들의 탄탄한 연기와 묵직한 사극의 톤을 유지합니다.,권력 암투를 다룬 기존 사극 영화들의 익숙한 틀에서 크게 벗어나지 못해 신선함이 떨어집니다.
M111,1919 유관순,다큐멘터리/시대극,2019,79,3.5,생각하게 만드는 영화를 보고 싶어,울고 싶어,0,유관순 열사를 비롯한 여성 독립운동가들의 희생과 고난을 재조명하여 잊지 말아야 할 역사를 상기시킵니다.,"재연 다큐멘터리 형식으로서 완성도가 거칠고, 감정에 과도하게 호소하는 연출이 극의 세련미를 떨어뜨립니다."
M112,정말 먼 곳,드라마,2020,115,3.3,미장센이 좋은 영화를 보고 싶어,생각하게 만드는 영화를 보고 싶어,1,강원도 화천의 아름다운 풍광 속에 성소수자 부부와 소외된 이들의 삶을 서정적이고 절제된 시선으로 깊이 있게 담았습니다.,은유와 절제가 너무 짙어 인물들의 내면이나 갈등의 핵심이 대중적으로 선명하게 와닿지 않을 수 있습니다.
M113,7번방의 선물,드라마/코미디,2012,127,3.9,울고 싶어,가족이랑 보고 싶어,1,"류승룡의 바보 연기와 아역 배우의 사랑스러운 케미가 돋보이며, 관객의 눈물샘을 확실하게 자극하는 대중적 코미디입니다.",사법 제도를 지나치게 왜곡하고 억지 신파와 극단적인 설정을 동원해 감정을 강요한다는 비판을 피하기 어렵습니다.
M114,"전, 란",액션/역사/시대극,2024,126,3,몰입하고 싶어,미장센이 좋은 영화를 보고 싶어,1,박찬욱 제작의 정교한 미장센 위에서 강동원과 박정민의 강렬한 검술 액션과 신분제를 관통하는 묵직한 메시지가 돋보입니다.,선조 캐릭터를 지나치게 평면적인 악인으로 묘사하는 등 역사적 사건의 변주 과정에서 개연성이 다소 아쉽습니다.
M115,낙원의 밤,범죄,2020,131,2.6,미장센이 좋은 영화를 보고 싶어,긴장감을 느끼고 싶어,1,제주도의 아름다운 풍광과 대비되는 박훈정 감독 특유의 핏빛 가득한 누아르 액션과 냉혹한 분위기가 매력적입니다.,진부한 조폭 서사와 허세 섞인 대사들이 반복되어 장르적 신선함보다는 피로감을 먼저 줍니다.
M116,20세기 소녀,드라마/로맨스,2022,119,3.1,설레고 싶어,울고 싶어,1,90년대 말 학창 시절의 아련한 아날로그 감성과 첫사랑의 기억을 싱그럽고 청량한 비주얼로 잘 재현했습니다.,첫사랑 영화의 전형적인 공식을 그대로 따라가다 보니 결말부의 신파적 반전이 다소 진부하게 느껴집니다.
M117,콜,스릴러,2020,112,3.1,긴장감을 느끼고 싶어,반전을 보고 싶어,1,"전종서의 광기 어린 열연이 극을 압도하며, 전화를 매개로 과거와 현재가 바뀌는 스릴러의 장르적 쾌감을 극대화했습니다.",후반부로 갈수록 타임슬립 서사의 규칙이 무너지며 개연성이 부족해지고 결말의 몰입도가 흐려집니다.
M118,무도실무관,액션/코미디,2024,109,2.7,가벼운 마음으로 시간을 보내고 싶어,친구랑 보고 싶어,1,생소한 직업을 소재로 김우빈의 호쾌한 유도·태권도 액션과 사회적 안전에 대한 긍정적인 메시지를 유쾌하게 담아냈습니다.,흉악 범죄를 다루는 방식이나 주인공의 무해한 영웅성에 대한 믿음이 다소 단순하고 순진하게 접근된 면이 있습니다.
M119,스마트폰을 떨어뜨렸을 뿐인데,스릴러,2023,117,2.8,긴장감을 느끼고 싶어,몰입하고 싶어,1,일상적인 소지품이 공포의 대상이 되는 현실적인 서스펜스와 임시완의 소름 돋는 악역 연기가 몰입감을 높입니다.,후반부 사건 해결 과정에서 개연성이 떨어지고 원작 소설이나 일본 영화에 비해 장르적 치밀함이 아쉽습니다.
M120,길복순,액션,2023,137,2.8,미장센이 좋은 영화를 보고 싶어,가벼운 마음으로 시간을 보내고 싶어,1,전도연의 파격적인 킬러 액션 변신과 독특한 살인청부업계 세계관의 스타일리시한 시각 연출이 돋보입니다.,모녀 관계의 드라마와 막장 액션 세계관이 유기적으로 결합되지 못하고 겉돌며 대사가 다소 오글거린다는 지적이 있습니다.
M121,사바하,미스터리/스릴러,2019,122,3.3,몰입하고 싶어,긴장감을 느끼고 싶어,1,종교적 상징과 오컬트 장르를 영리하게 엮어 서늘하고 묵직한 분위기를 훌륭하게 구축했다.,후반부 사건의 진상이 밝혀지는 과정이 다소 장황하고 설명조의 대사에 크게 의존한다.
M122,발레리나,액션/스릴러,2023,93,2.5,미장센이 좋은 영화를 보고 싶어,몰입하고 싶어,1,감각적이고 스타일리시한 미장센 속에서 속도감 넘치는 강렬한 타격 액션이 시각적 쾌감을 선사한다.,복수의 동기와 인물들 간의 서사적 깊이가 얕아 시각적 화려함에 비해 감정적 몰입도는 떨어진다.
M123,그녀가 죽었다,드라마/미스터리/스릴러,2024,103,2.9,긴장감을 느끼고 싶어,몰입하고 싶어,1,관음증과 SNS의 이중성이라는 불편한 소재를 비호감 캐릭터들의 팽팽한 심리전과 속도감 있는 전개로 흥미롭게 풀어냈다.,가해자의 시점을 대변하는 부적절한 톤의 내레이션이 자칫 몰입을 방해하고 극의 주제 의식을 약화시킬 우려가 있다.
M124,연가시,드라마/SF/스릴러/재난,2012,109,3.1,긴장감을 느끼고 싶어,몰입하고 싶어,1,변종 기생충이라는 참신한 소재를 현실적인 재난 공포로 연결하며 숨 막히는 긴장감과 몰입감을 조성한다.,중반부 이후 반복되는 위기 상황과 전형적인 가족 구출 신파극 구조가 극의 피로감을 유발한다.
M125,판도라,드라마/스릴러/재난,2016,136,2.8,울고 싶어,생각하게 만드는 영화를 보고 싶어,1,원전 폭발이라는 묵직하고 현실적인 재난의 스케일을 거대하고 경각심 있게 그려내 사회적 울림을 준다.,눈물을 노골적으로 강요하는 작위적인 전개와 후반부 억지 신파가 재난 영화로서의 리얼리티를 크게 해친다.
M126,타워,드라마/재난,2012,121,3.3,긴장감을 느끼고 싶어,가벼운 마음으로 시간을 보내고 싶어,1,초고층 빌딩 화재라는 한정된 공간이 주는 압도적인 스펙터클을 훌륭한 시각효과(CG)와 연출로 생생하게 구현했다.,등장인물들의 사연과 갈등 구조가 기존 할리우드 재난 영화들의 뻔한 클리셰를 그대로 답습하여 신선함이 없다.
M127,옥자,드라마/모험/액션,2017,120,3.5,생각하게 만드는 영화를 보고 싶어,감동받고 싶어,1,"자본주의의 잔혹함을 꼬집는 날카로운 풍자와 유전자 조작 동물, 소녀의 따뜻한 유대감을 성공적으로 결합했다.","전달하려는 메시지가 지나치게 직설적이며, 과장되고 만화적인 인물 설정들이 극의 분위기와 이질감을 준다."
M128,덕혜옹주,시대극/드라마,2016,127,3.4,울고 싶어,감동받고 싶어,1,역사의 소용돌이에 휩쓸린 개인의 비극을 주연 배우의 섬세하고 폭발적인 감정 연기로 애절하게 복원했다.,실존 인물의 주체성을 왜곡한 과도한 미화 논란과 억지 감동을 유발하려는 연출이 역사적 아쉬움을 남긴다.
M129,남한산성,드라마/시대극/전쟁/액션/역사,2017,139,3.7,몰입하고 싶어,생각하게 만드는 영화를 보고 싶어,1,병자호란의 참담함을 밀도 높은 텍스트와 두 충신의 팽팽한 이념 대립으로 건조하고 묵직하게 담아낸 수작이다.,감정적인 카타르시스가 배제된 차갑고 정적인 전개 탓에 상업 영화로서의 극적인 오락성을 기대하기 어렵다.
M130,말할 수 없는 비밀,판타지/로맨스,2022,103,2.7,음악이 좋은 영화를 보고 싶어,설레고 싶어,1,풋풋한 청춘의 감성과 두 인물을 이어주는 피아노 선율의 아름다움을 시청각적으로 무난하게 살려냈다.,원작이 가진 독보적인 분위기와 강력한 반전의 묘미를 뛰어넘지 못하고 지나치게 안전하고 평이한 각색에 머물렀다.
M131,하이파이브,판타지/코미디,2025,119,3.1,웃고 싶어,가벼운 마음으로 시간을 보내고 싶어,1,강형철 감독 특유의 유머와 기발한 초능력 설정이 만나 배우들의 훌륭한 앙상블과 경쾌한 오락성을 선사한다.,"초능력을 둘러싼 세계관 설정이 다소 느슨하고, 액션 시퀀스의 편집이 툭툭 끊겨 극의 몰입을 방해하는 경향이 있다."
M132,조선명탐점:흡혈괴마의 비밀,시대극/코미디/모험/범죄,2017,120,3,웃고 싶어,가벼운 마음으로 시간을 보내고 싶어,1,김명민과 오달수의 검증된 찰떡 호흡에 흡혈귀라는 판타지 요소를 얹어 가볍고 유쾌하게 즐기기 좋은 팝콘 무비다.,"시리즈가 반복되면서 유머 패턴이 고착화되었고, 뻔한 전개와 감동 강요가 신선함을 크게 떨어뜨린다."
M133,침범,미스터리/스릴러,2024,112,2.9,(긴장감을 느끼고 싶어),(몰입하고 싶어),0,일상의 경계가 무너지는 과정과 인간 내면의 순수한 악을 서늘하고 긴장감 넘치는 스릴러로 훌륭하게 묘사했다.,극 전반에 깔린 어둡고 심리적인 압박감이 강해 뚜렷한 카타르시스를 기대한 관객에게는 답답하고 피로하게 다가올 수 있다.
M134,밀정,액션/시대극/역사/스릴러,2016,140,3.8,긴장감을 느끼고 싶어,미장센이 좋은 영화를 보고 싶어,1,김지운 감독의 세련된 미장센 속에서 송강호와 공유가 빚어내는 팽팽한 심리전이 압도적인 서스펜스를 구축한다.,인물들의 복잡한 내면에 집중한 나머지 전개가 다소 무겁고 느려 액션 쾌감을 기대한 관객에겐 지루할 수 있다.
M135,콘크리트 유토피아,드라마/스릴러/미스터리,2023,129,3.3,몰입하고 싶어,생각하게 만드는 영화를 보고 싶어,1,"재난 이후 드러나는 인간의 이기심과 사회의 붕괴를 날카롭게 통찰하며, 이병헌의 광기 어린 연기가 극을 압도한다.",재난 상황 속 인간 군상의 바닥을 지나치게 건조하고 비관적으로 그려내 관람 후 심리적인 씁쓸함과 소모감이 크다.
M136,안시성,시대극/액션,2017,135,3,몰입하고 싶어,가벼운 마음으로 시간을 보내고 싶어,1,한국 영화에서 보기 드문 웅장한 스케일과 다이내믹한 공성전 액션이 폭발적인 시각적 카타르시스를 제공한다.,"화려한 전투신에 비해 인물들의 서사가 빈약하며, 현대극에 가까운 가벼운 대사 톤이 사극 특유의 묵직함을 앗아간다."
M137,챔피언,드라마/스포츠/가족,2018,108,2.8,웃고 싶어,가족이랑 보고 싶어,1,마동석 특유의 친근한 캐릭터 매력과 팔씨름이라는 신선한 소재가 가족애와 버무려져 따뜻한 웃음을 준다.,"전형적인 스포츠 영화의 언더독 공식을 그대로 답습하며, 후반부 작위적인 가족 신파가 이야기의 매력을 반감시킨다."
M138,워낭소리,다큐멘터리,2008,75,3.4,감동받고 싶어,울고 싶어,1,노인과 늙은 소의 묵묵하고 진실한 교감을 자극적인 연출 없이 담담하게 포착해내 깊고 진한 감동의 여운을 남긴다.,서사 중심의 극영화에 익숙한 관객에게는 매우 느리고 정적인 다큐멘터리 특유의 호흡이 지루하게 느껴질 수 있다.
M139,"그날, 바다",다큐멘터리,2018,110,3.7,생각하게 만드는 영화를 보고 싶어,몰입하고 싶어,1,세월호 참사의 원인을 AIS 데이터와 과학적 분석을 통해 논리적이고 집요하게 추적하여 묵직한 질문을 던진다.,방대한 데이터와 복잡한 그래픽 자료가 쉴 새 없이 쏟아져 대중들이 내용을 직관적으로 따라가고 이해하기엔 진입 장벽이 높다.
M140,자백,다큐멘터리,2016,106,3.6,생각하게 만드는 영화를 보고 싶어,몰입하고 싶어,1,국가 권력이 주도한 간첩 조작 사건의 실체를 성역 없이 파헤치는 끈질긴 저널리즘 정신이 돋보이는 문제작이다.,고발 다큐멘터리의 목적성이 강해 연출 방식이 다소 공격적이고 선동적으로 비칠 여지가 있다.
M141,초능력자,드라마/SF/스릴러/액션,2010,114,2.9,긴장감을 느끼고 싶어,몰입하고 싶어,1,타인을 조종하는 초능력자와 통하지 않는 유일한 남자의 대결이라는 신선한 설정과 두 주연 배우의 매력이 돋보인다.,흥미로운 초반 설정에 비해 후반부로 갈수록 서사의 개연성이 헐거워지고 액션 연출이 다소 엉성하다.
M142,메기,미스터리/코미디,2018,88,3.7,미장센이 좋은 영화를 보고 싶어,생각하게 만드는 영화를 보고 싶어,1,"청년 세대의 불안과 믿음이라는 주제를 통통 튀는 상상력과 감각적인 미장센, 독창적인 화법으로 유쾌하게 풀어냈다.",다양한 에피소드와 은유가 파편적으로 연결되어 있어 서사 중심의 영화에 익숙한 관객에게는 난해하게 다가올 수 있다.
M143,조선마술사,드라마/판타지/시대극,2015,122,3.5,(미장센이 좋은 영화를 보고 싶어),(설레고 싶어),0,화려한 마술 세트장과 의상 등 시각적인 볼거리가 풍부하며 주연 배우들의 풋풋한 로맨스가 눈길을 끈다.,마술이라는 매력적인 소재를 제대로 살리지 못한 채 진부하고 밋밋한 멜로 서사에 치중하여 몰입도가 떨어진다.
M144,영웅,뮤지컬/드라마,2022,120,3.1,음악이 좋은 영화를 보고 싶어,감동받고 싶어,1,"안중근 의사의 마지막 1년을 스크린에 담아내며, 오리지널 넘버의 감동과 정성화의 호소력 짙은 연기가 묵직한 울림을 준다.",무대 뮤지컬의 감동을 영화 매체로 옮기는 과정에서 연출이 다소 투박하고 신파적 요소가 과하게 느껴질 수 있다.
M145,우리들,드라마/가족,2016,94,3.8,성장 이야기가 보고 싶어,생각하게 만드는 영화를 보고 싶어,1,아이들의 세계에서 벌어지는 관계의 역학과 상처를 놀랍도록 섬세하고 사실적인 시선으로 포착해 깊은 공감을 자아낸다.,일상적이고 잔잔한 흐름 속에서 진행되는 미세한 감정선의 변화가 자극적인 전개를 선호하는 이들에겐 다소 심심할 수 있다.
M146,말아톤,스포츠/드라마,2005,117,3.6,감동받고 싶어,가족이랑 보고 싶어,1,자폐 스펙트럼 장애를 가진 청년의 도전을 따뜻한 시선으로 그리며 조승우의 소름 돋는 명연기가 깊은 감동을 선사한다.,실화를 바탕으로 한 휴먼 드라마의 전형적인 극복 서사 공식을 충실히 따르고 있어 이야기의 전개가 다소 예측 가능하다.
M147,최종병기 활,액션/시대극/전쟁,2011,122,3.6,긴장감을 느끼고 싶어,몰입하고 싶어,1,활이라는 무기가 가진 속도감과 파괴력을 극대화한 독창적인 추격 액션으로 시종일관 손에 땀을 쥐는 긴장감을 유발한다.,후반부 액션의 스케일과 쾌감에 집중한 나머지 병자호란이라는 역사적 배경이나 인물들의 내면 묘사는 다소 단편적이다.
M148,공동경비구역 JSA,드라마/전쟁/스릴러,2000,110,3.9,감동받고 싶어,생각하게 만드는 영화를 보고 싶어,1,분단의 비극을 판문점 초소병들의 우정이라는 금기된 소재로 영리하게 풀어내 서스펜스와 인류애를 동시에 획득한 명작이다.,개봉 당시의 파격성과 신선함이 세월이 흐른 지금 시점의 관객들에게는 익숙한 분단 서사의 원형으로 느껴질 수 있다.
M149,백두산,재난/액션/드라마,2019,128,3.3,가벼운 마음으로 시간을 보내고 싶어,웃고 싶어,1,"백두산 폭발이라는 거대한 재난 스케일을 구현한 시각효과(VFX)와 이병헌, 하정우의 능청스러운 버디 케미가 오락성을 높인다.",할리우드 재난 블록버스터의 공식을 짜깁기한 듯한 각본과 편의주의적인 결말이 서사적 긴장감을 크게 무너뜨린다.
M150,우리 생애 최고의 순간,스포츠/드라마,2007,124,3.4,감동받고 싶어,울고 싶어,1,"비인기 종목 여성 선수들의 눈물겨운 투혼을 진정성 있게 담아내어, 억지 신파 없는 건강하고 뜨거운 스포츠 감동을 안긴다.",핸드볼 경기 자체의 역동적인 묘사보다는 선수들 개인의 신파적이고 고단한 사연에 다소 많은 비중을 할애했다.
M151,김군,다큐멘터리,2018,85,3.8,생각하게 만드는 영화를 보고 싶어,몰입하고 싶어,1,5·18 민주화운동 당시 찍힌 사진 속 무명 시민군의 정체를 추적하는 과정을 스릴러 기법으로 엮어내 강렬한 몰입감을 선사한다.,인터뷰와 기록을 교차하는 다큐멘터리 방식이 정보 전달에 집중되어 있어 극적인 카타르시스를 기대한다면 아쉬울 수 있다.
