영화ID,OTT 플랫폼,제공 방식,대여 가격,소장 가격
M001,넷플릭스,구독,,
M001,티빙,구독,,
M001,웨이브,구독,,
M001,왓챠,구독,,
M001,왓챠,대여,2750,
M001,애플tv+,대여,3000,
M001,왓챠,소장,,7150
M001,애플tv+,소장,,7500
M002,넷플릭스,구독,,
M002,티빙,구독,,
M002,웨이브,구독,,
M002,왓챠,구독,,
M002,디즈니+,구독,,
M002,쿠팡플레이,구독,,
M003,넷플릭스,구독,,
M003,티빙,구독,,
M003,웨이브,구독,,
M003,왓챠,구독,,
M003,쿠팡플레이,구독,,
M003,웨이브,대여,1800,
M003,왓챠,대여,1540,
M003,왓챠,소장,,3850
M004,넷플릭스,구독,,
M004,티빙,구독,,
M004,웨이브,구독,,
M004,왓챠,구독,,
M004,왓챠,대여,2750,
M004,왓챠,소장,,7150
M005,넷플릭스,구독,,
M005,웨이브,대여,1200,
M006,넷플릭스,구독,,
M006,티빙,구독,,
M006,웨이브,구독,,
M006,왓챠,구독,,
M006,왓챠,대여,2750,
M006,왓챠,소장,,7150
M007,넷플릭스,구독,,
M007,쿠팡플레이,구독,,
M007,디즈니+,구독,,
M008,디즈니+,구독,,
M008,쿠팡플레이,구독,,
M008,웨이브,소장,,5500
M009,넷플릭스,구독,,
M009,티빙,구독,,
M009,웨이브,구독,,
M009,왓챠,구독,,
M009,왓챠,대여,2750,
M009,왓챠,소장,,7150
M010,넷플릭스,구독,,
M010,티빙,구독,,
M010,웨이브,구독,,
M011,넷플릭스,구독,,
M011,왓챠,대여,2750,
M011,웨이브,대여,2750,
M011,쿠팡플레이,대여,2750,
M011,애플tv+,대여,2500,
M011,웨이브,소장,,7150
M011,왓챠,소장,,7150
M011,쿠팡플레이,소장,,7150
M011,애플tv+,소장,,6500
M012,넷플릭스,구독,,
M013,넷플릭스,구독,,
M013,티빙,구독,,
M013,웨이브,구독,,
M013,왓챠,구독,,
M013,왓챠,대여,2750,
M013,왓챠,소장,,7150
M014,웨이브,구독,,
M014,디즈니+,구독,,
M014,왓챠,대여,1400,
M014,왓챠,소장,,5000
M015,넷플릭스,구독,,
M015,쿠팡플레이,구독,,
M015,왓챠,대여,1650,
M015,웨이브,대여,1650,
M015,왓챠,소장,,6050
M015,웨이브,소장,,6050
M016,넷플릭스,구독,,
M016,왓챠,구독,,
M016,디즈니+,구독,,
M016,쿠팡플레이,대여,1400,
M016,애플tv+,대여,1500,
M016,쿠팡플레이,소장,,5000
M016,애플tv+,소장,,5500
M017,넷플릭스,구독,,
M017,티빙,구독,,
M017,웨이브,구독,,
M017,왓챠,구독,,
M017,왓챠,대여,2750,
M017,왓챠,소장,,7150
M018,넷플릭스,구독,,
M018,쿠팡플레이,구독,,
M019,넷플릭스,구독,,
M019,티빙,구독,,
M019,웨이브,구독,,
M019,쿠팡플레이,구독,,
M019,웨이브,대여,1400,
M019,왓챠,대여,1540,
M019,웨이브,소장,,3500
M019,왓챠,소장,,3850
M020,넷플릭스,구독,,
M021,넷플릭스,구독,,
M021,왓챠,구독,,
M021,쿠팡플레이,구독,,
M021,웨이브,구독,,
M021,왓챠,대여,1320,
M021,왓챠,소장,,6050
M022,넷플릭스,구독,,
M022,티빙,구독,,
M022,웨이브,구독,,
M022,왓챠,구독,,
M022,왓챠,대여,2750,
M022,왓챠,소장,,7150
M023,넷플릭스,구독,,
M023,티빙,구독,,
M023,웨이브,구독,,
M023,쿠팡플레이,구독,,
M023,왓챠,구독,,
M023,왓챠,대여,1540,
M023,웨이브,대여,2500,
M023,왓챠,소장,,3850
M023,웨이브,소장,,3500
M024,넷플릭스,구독,,
M024,티빙,구독,,
M024,웨이브,구독,,
M024,왓챠,구독,,
M024,쿠팡플레이,구독,,
M024,디즈니+,구독,,
M025,넷플릭스,구독,,
M026,넷플릭스,구독,,
M026,웨이브,대여,1500,
M026,웨이브,소장,,5500
M027,넷플릭스,구독,,
M027,티빙,구독,,
M027,웨이브,구독,,
M027,왓챠,구독,,
M027,왓챠,대여,2750,
M027,왓챠,소장,,7150
M028,넷플릭스,구독,,
M028,티빙,구독,,
M028,웨이브,구독,,
M028,왓챠,구독,,
M028,왓챠,대여,1540,
M028,웨이브,대여,1400,
M028,쿠팡플레이,대여,1400,
M028,왓챠,소장,,3850
M028,웨이브,소장,,3500
M028,쿠팡플레이,소장,,3500
M029,넷플릭스,구독,,
M029,티빙,구독,,
M029,웨이브,구독,,
M029,왓챠,구독,,
M029,쿠팡플레이,구독,,
M029,왓챠,대여,1540,
M029,왓챠,소장,,5500
M030,넷플릭스,구독,,
M030,왓챠,대여,1650,
M030,웨이브,대여,1650,
M030,쿠팡플레이,대여,1650,
M030,왓챠,소장,,6050
M030,웨이브,소장,,6050
M030,쿠팡플레이,소장,,6050
M031,넷플릭스,구독,,
M031,티빙,구독,,
M031,웨이브,구독,,
M031,왓챠,구독,,
M031,쿠팡플레이,구독,,
M031,왓챠,대여,1540,
M031,왓챠,소장,,7150
M032,넷플릭스,구독,,
M032,왓챠,구독,,
M032,티빙,구독,,
M032,웨이브,구독,,
M032,왓챠,대여,2750,
M032,왓챠,소장,,7150
M033,넷플릭스,구독,,
M033,티빙,구독,,
M033,왓챠,구독,,
M033,왓챠,대여,2750,
M033,웨이브,대여,1540,
M033,왓챠,소장,,7150
M033,웨이브,소장,,6050
M034,넷플릭스,구독,,
M034,티빙,구독,,
M034,왓챠,구독,,
M034,웨이브,구독,,
M034,왓챠,대여,2750,
M034,왓챠,소장,,7150
M035,넷플릭스,구독,,
M035,티빙,구독,,
M035,왓챠,구독,,
M035,웨이브,구독,,
M035,왓챠,대여,2750,
M035,왓챠,소장,,7150
M036,넷플릭스,구독,,
M036,티빙,구독,,
M036,왓챠,구독,,
M036,웨이브,구독,,
M036,왓챠,대여,2750,
M036,왓챠,소장,,7150
M037,넷플릭스,구독,,
M037,티빙,구독,,
M037,왓챠,구독,,
M037,웨이브,구독,,
M037,쿠팡플레이,구독,,
M037,왓챠,대여,1540,
M037,왓챠,소장,,7150
M038,넷플릭스,구독,,
M038,티빙,구독,,
M038,쿠팡플레이,구독,,
M038,웨이브,구독,,
M038,왓챠,대여,1320,
M038,왓챠,소장,,6050
M039,넷플릭스,구독,,
M039,티빙,구독,,
M039,왓챠,구독,,
M039,웨이브,구독,,
M039,왓챠,대여,2750,
M039,왓챠,소장,,7150
M040,넷플릭스,구독,,
M040,티빙,구독,,
M040,왓챠,구독,,
M040,웨이브,구독,,
M040,디즈니+,구독,,
M040,쿠팡플레이,구독,,
M040,왓챠,대여,1320,
M040,왓챠,소장,,6050
M041,넷플릭스,구독,,
M42,왓챠,구독,,
M42,티빙,구독,,
M42,웨이브,구독,,
M42,쿠팡플레이,대여,"1,400",
M42,쿠팡플레이,소장,,"5,000"
M43,왓챠,구독,,
M43,넷플릭스,구독,,
M43,티빙,구독,,
M43,웨이브,구독,,
M43,왓챠,대여,"2,750",
M43,애플tv+,대여,"3,000",
M43,왓챠,소장,,"7,150"
M43,애플tv+,소장,,"7,500"
M44,넷플릭스,구독,,
M44,쿠팡플레이,구독,,
M45,넷플릭스,구독,,
M45,디즈니+,구독,,
M45,쿠팡플레이,구독,,
M46,넷플릭스,구독,,
M47,넷플릭스,구독,,
M47,쿠팡플레이,구독,,
M48,왓챠,구독,,
M48,티빙,구독,,
M48,넷플릭스,구독,,
M48,웨이브,구독,,
M48,왓챠,대여,"5,500",
M48,쿠팡플레이,대여,"5,000",
M48,웨이브,대여,"5,000",
M48,왓챠,소장,,"10,890"
M48,쿠팡플레이,소장,,"9,900"
M48,웨이브,소장,,"9,900"
M49,넷플릭스,구독,,
M49,디즈니+,구독,,
M49,쿠팡플레이,구독,,
M50,왓챠,구독,,
M50,왓챠,대여,"1,540",
M50,왓챠,소장,,"7,150"
M51,왓챠,구독,,
M51,넷플릭스,구독,,
M51,티빙,구독,,
M51,웨이브,구독,,
M51,왓챠,대여,"2,750",
M51,왓챠,소장,,"7,150"
M52,왓챠,구독,,
M52,티빙,구독,,
M52,넷플릭스,구독,,
M52,쿠팡플레이,구독,,
M52,왓챠,대여,"1,540",
M52,왓챠,소장,,"7,150"
M53,왓챠,구독,,
M53,넷플릭스,구독,,
M53,웨이브,구독,,
M53,왓챠,대여,"1,540",
M53,왓챠,소장,,"7,150"
M54,왓챠,대여,"1,400",
M54,웨이브,대여,"1,540",
M54,왓챠,소장,,"5,000"
M54,웨이브,소장,,"5,000"
M55,넷플릭스,구독,,
M55,왓챠,대여,"5,500",
M55,웨이브,대여,"5,500",
M55,왓챠,소장,,"10,890"
M55,웨이브,소장,,"10,890"
M56,넷플릭스,구독,,
M56,왓챠,대여,"1,650",
M56,쿠팡플레이,대여,"1,650",
M56,웨이브,대여,"1,650",
M56,왓챠,소장,,"6,050"
M56,쿠팡플레이,소장,,"6,050"
M56,웨이브,소장,,"6,050"
M57,쿠팡플레이,구독,,
M57,디즈니+,구독,,
M58,넷플릭스,구독,,
M58,쿠팡플레이,구독,,
M59,왓챠,구독,,
M59,티빙,구독,,
M59,넷플릭스,구독,,
M59,웨이브,구독,,
M59,왓챠,대여,"2,750",
M59,왓챠,소장,,"7,150"
M60,왓챠,구독,,
M60,티빙,구독,,
M60,넷플릭스,구독,,
M60,웨이브,구독,,
M60,왓챠,대여,"2,750",
M60,왓챠,소장,,"7,150"
M61,왓챠,구독,,
M61,티빙,구독,,
M61,쿠팡플레이,구독,,
M61,넷플릭스,구독,,
M61,웨이브,구독,,
M61,왓챠,대여,"1,540",
M61,왓챠,소장,,"7,150"
M62,왓챠,구독,,
M62,티빙,구독,,
M62,쿠팡플레이,구독,,
M62,넷플릭스,구독,,
M62,웨이브,구독,,
M62,디즈니+,구독,,
M62,왓챠,대여,"1,320",
M62,왓챠,소장,,"6,050"
M63,왓챠,구독,,
M63,티빙,구독,,
M63,넷플릭스,구독,,
M63,왓챠,대여,"2,750",
M63,왓챠,소장,,"7,150"
M64,웨이브,대여,"1,320",
M64,쿠팡플레이,대여,"1,320",
M64,웨이브,소장,,"4,950"
M64,쿠팡플레이,소장,,"4,950"
M65,왓챠,대여,7700,
M65,웨이브,대여,7000,
M65,쿠팡플레이,대여,7000,
M65,왓챠,소장,,10890
M65,쿠팡플레이,소장,,9900
M66,,,,
M67,넷플릭스,구독,,
M67,티빙,구독,,
M67,왓챠,대여,2750,
M67,웨이브,대여,2750,
M67,왓챠,소장,,7150
M67,웨이브,소장,,7150
M68,왓챠,구독,,
M68,넷플릭스,구독,,
M68,티빙,구독,,
M68,웨이브,구독,,
M68,쿠팡플레이,구독,,
M68,왓챠,대여,1540,
M68,웨이브,대여,1800,
M68,왓챠,소장,,3850
M69,왓챠,구독,,
M69,넷플릭스,구독,,
M69,티빙,구독,,
M69,웨이브,구독,,
M69,쿠팡플레이,구독,,
M69,디즈니+,구독,,
M69,왓챠,대여,1320,
M69,왓챠,소장,,6050
M70,왓챠,구독,,
M70,넷플릭스,구독,,
M70,웨이브,구독,,
M70,왓챠,대여,2750,
M70,왓챠,소장,,7150
M71,왓챠,구독,,
M71,넷플릭스,구독,,
M71,티빙,구독,,
M71,웨이브,구독,,
M71,왓챠,대여,2750,
M71,왓챠,소장,,7150
M72,왓챠,구독,,
M72,넷플릭스,구독,,
M72,티빙,구독,,
M72,웨이브,구독,,
M72,쿠팡플레이,구독,,
M72,왓챠,대여,1540,
M72,왓챠,소장,,3850
M73,왓챠,구독,,
M73,넷플릭스,구독,,
M73,티빙,구독,,
M73,웨이브,구독,,
M73,왓챠,대여,2750,
M73,왓챠,소장,,7150
M74,왓챠,구독,,
M74,넷플릭스,구독,,
M74,티빙,구독,,
M74,웨이브,구독,,
M74,쿠팡플레이,구독,,
M74,왓챠,대여,1320,
M74,왓챠,소장,,6050
M75,왓챠,구독,,
M75,넷플릭스,구독,,
M75,티빙,구독,,
M75,웨이브,구독,,
M75,왓챠,대여,1540,
M75,왓챠,소장,,7150
M76,넷플릭스,구독,,
M76,티빙,구독,,
M76,웨이브,구독,,
M76,왓챠,대여,1540,
M76,쿠팡플레이,대여,1501,
M76,왓챠,소장,,6050
M76,쿠팡플레이,소장,,6000
M77,넷플릭스,구독,,
M77,쿠팡플레이,구독,,
M77,왓챠,대여,1650,
M77,웨이브,대여,1650,
M77,왓챠,소장,,6050
M77,웨이브,소장,,6050
M78,넷플릭스,구독,,
M78,쿠팡플레이,구독,,
M79,넷플릭스,구독,,
M79,왓챠,대여,1650,
M79,웨이브,대여,1650,
M79,쿠팡플레이,대여,1650,
M79,왓챠,소장,,6050
M79,웨이브,소장,,6050
M79,쿠팡플레이,소장,,6050
M80,디즈니+,구독,,
M80,쿠팡플레이,대여,2500,
M80,쿠팡플레이,소장,,6500
M81,넷플릭스,구독,,
M81,웨이브,구독,,
M81,쿠팡플레이,구독,,
M81,왓챠,대여,1540,
M81,웨이브,대여,1400,
M81,왓챠,소장,,3850
M81,웨이브,소장,,3500
M82,왓챠,구독,,
M82,넷플릭스,구독,,
M82,티빙,구독,,
M82,웨이브,구독,,
M82,쿠팡플레이,구독,,
M82,왓챠,대여,1540,
M82,웨이브,대여,1200,
M82,왓챠,소장,,3850
M83,넷플릭스,구독,,
M83,쿠팡플레이,구독,,
M83,왓챠,대여,1540,
M83,웨이브,대여,1540,
M83,왓챠,소장,,5500
M83,웨이브,소장,,5500
M84,왓챠,구독,,
M84,웨이브,구독,,
M84,왓챠,대여,2750,
M84,왓챠,소장,,7150
M85,왓챠,구독,,
M85,티빙,구독,,
M86,왓챠,구독,,
M86,넷플릭스,구독,,
M86,티빙,구독,,
M86,웨이브,구독,,
M86,왓챠,대여,1540,
M86,왓챠,소장,,7150
M87,넷플릭스,구독,,
M87,쿠팡플레이,구독,,
M87,디즈니+,구독,,
M88,왓챠,구독,,
M88,넷플릭스,구독,,
M88,티빙,구독,,
M88,웨이브,구독,,
M88,왓챠,대여,2750,
M88,왓챠,소장,,7150
M89,왓챠,구독,,
M89,넷플릭스,구독,,
M89,티빙,구독,,
M89,웨이브,구독,,
M89,쿠팡플레이,구독,,
M90,넷플릭스,구독,,
M90,티빙,구독,,
M91,왓챠,구독,,
M91,넷플릭스,구독,,
M91,티빙,구독,,
M91,웨이브,구독,,
M91,왓챠,대여,2750,
M91,왓챠,소장,,7150
M92,왓챠,구독,,
M92,넷플릭스,구독,,
M92,티빙,구독,,
M92,웨이브,구독,,
M92,왓챠,대여,2750,
M92,왓챠,소장,,7150
M93,왓챠,구독,,
M93,넷플릭스,구독,,
M93,티빙,구독,,
M93,웨이브,구독,,
M93,왓챠,대여,2750,
M93,왓챠,소장,,7150
M94,왓챠,구독,,
M94,넷플릭스,구독,,
M94,티빙,구독,,
M94,웨이브,구독,,
M94,왓챠,대여,2750,
M94,왓챠,소장,,7150
M95,왓챠,구독,,
M95,넷플릭스,구독,,
M95,티빙,구독,,
M95,웨이브,구독,,
M95,쿠팡플레이,구독,,
M95,왓챠,대여,1320,
M95,왓챠,소장,,6050
M96,왓챠,구독,,
M96,티빙,구독,,
M96,웨이브,구독,,
M96,왓챠,대여,1540,
M96,쿠팡플레이,대여,1600,
M96,왓챠,소장,,7150
M97,왓챠,구독,,
M97,넷플릭스,구독,,
M97,티빙,구독,,
M97,웨이브,구독,,
M97,왓챠,대여,2750,
M97,왓챠,소장,,7150
M98,왓챠,구독,,
M98,넷플릭스,구독,,
M98,티빙,구독,,
M98,웨이브,구독,,
M98,왓챠,대여,1540,
M98,왓챠,소장,,7150
M99,왓챠,구독,,
M99,넷플릭스,구독,,
M99,티빙,구독,,
M99,웨이브,구독,,
M99,왓챠,대여,1540,
M99,웨이브,대여,1800,
M99,왓챠,소장,,3850
M100,왓챠,구독,,
M100,넷플릭스,구독,,
M100,티빙,구독,,
M100,웨이브,구독,,
M100,왓챠,대여,1540,
M100,왓챠,소장,,7150
M101,넷플릭스,구독,,
M102,왓챠,구독,,
M102,넷플릭스,구독,,
M102,티빙,구독,,
M102,웨이브,구독,,
M102,왓챠,대여,1540,
M102,왓챠,소장,,7150
M103,왓챠,구독,,
M103,넷플릭스,구독,,
M103,티빙,구독,,
M103,웨이브,구독,,
M103,왓챠,대여,2750,
M103,왓챠,소장,,7150
M104,왓챠,구독,,
M104,티빙,구독,,
M104,쿠팡플레이,구독,,
M104,넷플릭스,구독,,
M104,웨이브,구독,,
M104,왓챠,대여,1540,
M104,웨이브,대여,2500,
M104,왓챠,소장,,3850
M105,넷플릭스,구독,,
M105,티빙,구독,,
M105,웨이브,구독,,
M105,쿠팡플레이,구독,,
M105,왓챠,구독,,
M105,왓챠,대여,1320,
M105,왓챠,소장,,6050
M106,왓챠,구독,,
M106,티빙,구독,,
M106,웨이브,구독,,
M106,왓챠,대여,2750,
M106,쿠팡플레이,대여,2750,
M106,왓챠,소장,,7150
M106,쿠팡플레이,소장,,7150
M107,디즈니+,구독,,
M107,웨이브,대여,2500,
M107,웨이브,소장,,6500
M108,왓챠,구독,,
M108,티빙,구독,,
M108,웨이브,대여,1540,
M108,왓챠,대여,2750,
M108,왓챠,소장,,7150
M108,웨이브,소장,,6050
M109,왓챠,구독,,
M109,넷플릭스,구독,,
M109,티빙,구독,,
M109,웨이브,구독,,
M109,왓챠,대여,1540,
M109,웨이브,대여,1400,
M109,왓챠,소장,,3850
M109,웨이브,소장,,3500
M110,넷플릭스,구독,,
M110,쿠팡플레이,구독,,
M110,왓챠,대여,1650,
M110,웨이브,대여,1650,
M110,왓챠,소장,,6050
M110,웨이브,소장,,6050
M111,왓챠,구독,,
M111,티빙,구독,,
M111,웨이브,구독,,
M111,쿠팡플레이,대여,1600,
M111,왓챠,대여,1540,
M111,왓챠,소장,,7150
M112,왓챠,구독,,
M112,웨이브,구독,,
M112,왓챠,대여,1540,
M112,왓챠,소장,,5500
M113,넷플릭스,구독,,
M113,디즈니+,구독,,
M113,쿠팡플레이,구독,,
M114,넷플릭스,구독,,
M115,넷플릭스,구독,,
M116,넷플릭스,구독,,
M117,넷플릭스,구독,,
M118,넷플릭스,구독,,
M119,넷플릭스,구독,,
M120,넷플릭스,구독,,
M121,넷플릭스,구독,,
M122,넷플릭스,구독,,
M123,넷플릭스,구독,,
M124,웨이브,대여,"1,540",
M125,넷플릭스,구독,,
M126,왓챠,대여,"2,750",
M127,넷플릭스,구독,,
M128,왓챠,대여,"2,750",
M129,왓챠,대여,"2,750",
M130,웨이브,대여,"1,400",
M131,쿠팡플레이,대여,"2,500",
M132,왓챠,대여,"1,320",
M133,쿠팡플레이,구독,,
M134,쿠팡플레이,구독,,
M134,웨이브,대여,1320,
M134,웨이브,소장,,4950
M135,넷플릭스,구독,,
M135,웨이브,구독,,
M135,티빙,구독,,
M135,쿠팡플레이,구독,,
M135,왓챠,대여,1540,
M135,웨이브,대여,1400,
M135,왓챠,소장,,3850
M135,웨이브,소장,,3500
M136,넷플릭스,구독,,
M136,쿠팡플레이,구독,,
M137,웨이브,대여,1320,
M137,쿠팡플레이,대여,1320,
M137,웨이브,소장,,4950
M137,쿠팡플레이,소장,,4950
M138,왓챠,구독,,
M139,왓챠,대여,1400,
M139,왓챠,소장,,5000
M140,왓챠,대여,1400,
M140,왓챠,소장,,5000
M141,왓챠,구독,,
M141,티빙,구독,,
M141,넷플릭스,구독,,
M141,왓챠,대여,1540,
M141,쿠팡플레이,대여,1600,
M141,왓챠,소장,,7150
M142,넷플릭스,구독,,
M143,왓챠,구독,,
M143,웨이브,구독,,
M143,티빙,구독,,
M143,왓챠,대여,1540,
M143,웨이브,대여,1800,
M143,왓챠,소장,,3850
M144,왓챠,구독,,
M144,넷플릭스,구독,,
M144,티빙,구독,,
M144,왓챠,대여,2750,
M144,웨이브,대여,2750,
M144,왓챠,소장,,7150
M144,웨이브,소장,,7150
M145,왓챠,구독,,
M145,넷플릭스,구독,,
M145,티빙,구독,,
M145,웨이브,구독,,
M145,왓챠,대여,2750,
M145,왓챠,소장,,7150
M146,왓챠,구독,,
M146,티빙,구독,,
M146,웨이브,구독,,
M146,왓챠,대여,1320,
M146,쿠팡플레이,대여,1400,
M146,왓챠,소장,,6050
M146,쿠팡플레이,소장,,5500
M147,쿠팡플레이,구독,,
M147,왓챠,구독,,
M147,넷플릭스,구독,,
M147,티빙,구독,,
M147,왓챠,대여,1540,
M147,왓챠,소장,,7150
M148,왓챠,구독,,
M148,넷플릭스,구독,,
M148,티빙,구독,,
M148,웨이브,구독,,
M148,쿠팡플레이,구독,,
M148,왓챠,대여,1540,
M148,왓챠,소장,,7150
M149,왓챠,구독,,
M149,넷플릭스,구독,,
M149,티빙,구독,,
M149,웨이브,구독,,
M149,왓챠,대여,2750,
M149,왓챠,소장,,7150
M150,왓챠,구독,,
M150,넷플릭스,구독,,
M150,티빙,구독,,
M150,웨이브,구독,,
M150,왓챠,대여,1540,
M150,쿠팡플레이,대여,1600,
M150,왓챠,소장,,7150
M151,왓챠,구독,,
M151,티빙,구독,,
M151,웨이브,대여,1540,
M151,웨이브,소장,,6050
